Login: tj
Name: TJ Holowaychuk
Company: APEX
Location: London, UK
Email: tj@apex.sh
Hireable: None
Bio: None
Public Repos: 296
Followers: 50863
Following: 45
Created At: 2008-09-18T22:37:28Z
----------------------------------------
Login: kunal-kushwaha
Name: Kunal Kushwaha
Company: CIVO
Location: London, UK
Email: contact@techwithkunal.com
Hireable: None
Bio: Field CTO @civo. Founder @WeMakeDevs 
Public Repos: 46
Followers: 30843
Following: 0
Created At: 2018-08-25T15:01:59Z
----------------------------------------
Login: angelabauer
Name: Angela Yu
Company: APPBREWERY
Location: London, UK
Email: None
Hireable: None
Bio: Medical doctor. Developer. Founder of the App Brewery. Teaching 2,000,000+ students how to code.
Public Repos: 41
Followers: 18652
Following: 0
Created At: 2014-09-16T21:03:28Z
----------------------------------------
Login: jlord
Name: Jessica Lord
Company: None
Location: London, England
Email: None
Hireable: None
Bio: Urban designer turned open source developer. Shared knowledge champion 🎉
Public Repos: 170
Followers: 16356
Following: 30
Created At: 2012-01-05T03:24:52Z
----------------------------------------
Login: Elfocrash
Name: Nick Chapsas
Company: None
Location: London, UK
Email: nick@nickchapsas.com
Hireable: None
Bio: Content creator for C# & .NET
Public Repos: 49
Followers: 10592
Following: 0
Created At: 2014-07-18T09:32:23Z
----------------------------------------
Login: alyssaxuu
Name: Alyssa X
Company: None
Location: London, UK
Email: hi@alyssax.com
Hireable: True
Bio: Designer, developer, & entrepreneur. Founder of Sonuum + other ventures. Best woman maker of 2018 (Maker Mag) & nominated as Maker of The Year (Product Hunt)
Public Repos: 15
Followers: 8777
Following: 1
Created At: 2014-05-14T13:12:46Z
----------------------------------------
Login: eddiejaoude
Name: Eddie Jaoude
Company: OPEN SOURCE ENGINEER
Location: London, UK
Email: eddie@jaoudestudios.com
Hireable: True
Bio: Open Source DevRel!
GitHub Star ⭐ program + GitHub Star of the Year 🤓 + GitHub Accelerator with BioDrop (aka LinkFree)... let's GEEK out together!
Public Repos: 94
Followers: 8326
Following: 67
Created At: 2011-02-18T06:56:22Z
----------------------------------------
Login: daneden
Name: Daniel Eden
Company: FACEBOOK
Location: London, UK
Email: dan.eden@me.com
Hireable: None
Bio: Designer, writing & thinking about Design Systems.
Public Repos: 101
Followers: 8168
Following: 90
Created At: 2010-10-14T13:35:34Z
----------------------------------------
Login: LaravelDaily
Name: Laravel Daily
Company: LARAVEL DAILY
Location: Vilnius, Lithuania / London, UK
Email: info@laraveldaily.com
Hireable: True
Bio: Team of Laravel developers with experience since 2014.
Public Repos: 362
Followers: 7279
Following: 0
Created At: 2015-10-27T11:27:30Z
----------------------------------------
Login: jskeet
Name: Jon Skeet
Company: GOOGLE
Location: London, UK
Email: skeet@pobox.com
Hireable: None
Bio: Recruiters: please do not contact me
Public Repos: 73
Followers: 7004
Following: 1
Created At: 2008-07-14T14:55:19Z
----------------------------------------
Login: mattdesl
Name: Matt DesLauriers
Company: ARTIST
Location: London, UK
Email: None
Hireable: None
Bio: None
Public Repos: 634
Followers: 6951
Following: 28
Created At: 2012-01-27T02:25:47Z
----------------------------------------
Login: cloudflare
Name: Cloudflare
Company: None
Location: San Francisco, London, Austin, Lisbon, Singapore
Email: None
Hireable: None
Bio: None
Public Repos: 475
Followers: 6436
Following: 0
Created At: 2010-06-25T01:24:59Z
----------------------------------------
Login: nicklockwood
Name: Nick Lockwood
Company: CHARCOAL DESIGN
Location: London
Email: None
Hireable: None
Bio: None
Public Repos: 97
Followers: 6233
Following: 2
Created At: 2011-01-04T11:44:48Z
----------------------------------------
Login: jgthms
Name: Jeremy Thomas
Company: None
Location: London
Email: None
Hireable: True
Bio: CSS Guru
Public Repos: 94
Followers: 5865
Following: 6
Created At: 2011-12-11T00:26:17Z
----------------------------------------
Login: bizz84
Name: Andrea Bizzotto
Company: HTTPS://CODEWITHANDREA.COM
Location: London
Email: None
Hireable: None
Bio: Flutter GDE ❖
Creator of codewithandrea.com ❖ YouTube: nnbd.me/yt ❖ Complete Dart Course: nnbd.me/dart
Public Repos: 125
Followers: 5634
Following: 39
Created At: 2009-11-14T09:11:40Z
----------------------------------------
Login: samuelcolvin
Name: Samuel Colvin
Company: PYDANTIC
Location: London, United Kingdom
Email: s@muelcolvin.com
Hireable: None
Bio: Creator of Pydantic, you should try Pydantic Logfire
Public Repos: 262
Followers: 4950
Following: 47
Created At: 2013-04-02T17:24:42Z
----------------------------------------
Login: Lissy93
Name: Alicia Sykes
Company: None
Location: London, UK
Email: alicia@omg.lol
Hireable: True
Bio: Turning caffeine into code 🥤
Public Repos: 116
Followers: 4857
Following: 148
Created At: 2012-06-18T13:44:16Z
----------------------------------------
Login: jgilfelt
Name: Jeff Gilfelt
Company: READYSTATE SOFTWARE LTD
Location: London, United Kingdom
Email: None
Hireable: None
Bio: None
Public Repos: 34
Followers: 4711
Following: 53
Created At: 2010-01-03T16:25:18Z
----------------------------------------
Login: sonnysangha
Name: Sonny Sangha
Company: None
Location: London
Email: sonny.sangha@gmail.com
Hireable: None
Bio: None
Public Repos: 35
Followers: 4498
Following: 0
Created At: 2016-12-22T08:20:31Z
----------------------------------------
Login: nickbutcher
Name: Nick Butcher
Company: GOOGLE
Location: London
Email: None
Hireable: None
Bio: Android designer and developer.
Public Repos: 11
Followers: 4332
Following: 5
Created At: 2010-08-03T08:31:57Z
----------------------------------------
Login: florina-muntenescu
Name: Florina Muntenescu
Company: GOOGLE
Location: London, United Kingdom
Email: None
Hireable: None
Bio: None
Public Repos: 18
Followers: 4268
Following: 0
Created At: 2012-12-09T01:27:35Z
----------------------------------------
Login: pydanny
Name: Daniel Roy Greenfeld
Company: ANSWERDOTAI
Location: London, UK
Email: None
Hireable: None
Bio: Husband of @audreyfeldroy 💘, father of Uma 🛴, Co-Author of Two Scoops of Django, currently at @AnswerDotAI, on sabbatical from @kraken-tech, formerly @nasa
Public Repos: 183
Followers: 4258
Following: 398
Created At: 2009-03-12T18:50:46Z
----------------------------------------
Login: SaraVieira
Name: Sara Vieira
Company: ASKORAMA
Location: London
Email: None
Hireable: None
Bio: I make useless stuff for the funsies.
Public Repos: 450
Followers: 4225
Following: 44
Created At: 2011-09-14T21:43:39Z
----------------------------------------
Login: dsyer
Name: Dave Syer
Company: VMWARE
Location: London
Email: david.syer@broadcom.com
Hireable: None
Bio: Founder of Spring Cloud, Spring Boot, Spring Batch, and an active contributor to Spring Integration, Spring Framework, Spring AMQP, Spring Security.
Public Repos: 448
Followers: 4061
Following: 4
Created At: 2009-09-07T08:52:49Z
----------------------------------------
Login: trueadm
Name: Dominic Gannaway
Company: VERCEL
Location: London, United Kingdom
Email: None
Hireable: None
Bio: I'm a software engineer at @vercel working on @sveltejs. Author of @lexicaljs and @infernojs. Former @reactjs core team engineer at @facebook.
Public Repos: 65
Followers: 3986
Following: 35
Created At: 2012-03-09T12:04:54Z
----------------------------------------
Login: matryer
Name: Mat Ryer
Company: GRAFANA
Location: London
Email: None
Hireable: None
Bio: Engineering director at @Grafana - Gopher, developer, speaker, author (Go Programming Blueprints) - Xbar (BitBar reboot) xbarapp.com (now in beta)
Public Repos: 110
Followers: 3852
Following: 187
Created At: 2009-07-04T14:49:10Z
----------------------------------------
Login: adamchainz
Name: Adam Johnson
Company: DJANGO, @DJANGOLONDON
Location: London / Lisbon
Email: me@adamj.eu
Hireable: None
Bio: 🦄 @django technical board member 
🇬🇧 @djangolondon co-organizer 
✍ AWS/Django/Python Author and Consultant
Public Repos: 1303
Followers: 3714
Following: 159
Created At: 2011-06-17T23:53:10Z
----------------------------------------
Login: gordicaleksa
Name: Aleksa Gordić
Company: EX-DEEPMIND, EX-MICROSOFT
Location: Belgrade, Serbia -> London -> SF? :)
Email: gordicaleksa@gmail.com
Hireable: None
Bio: Flirting with LLMs. Tensor Core maximalist. If I say stupid stuff it's not me it's my prompt.
Public Repos: 54
Followers: 3702
Following: 4
Created At: 2017-06-08T07:12:26Z
----------------------------------------
Login: lewagon
Name: Le Wagon
Company: None
Location: Paris, London, Berlin & more
Email: contact@lewagon.com
Hireable: None
Bio: Coding School bringing Technical Skills to Creative People
Public Repos: 175
Followers: 3636
Following: 0
Created At: 2013-09-16T13:20:52Z
----------------------------------------
Login: threepointone
Name: Sunil Pai
Company: None
Location: London, England
Email: None
Hireable: None
Bio: None
Public Repos: 276
Followers: 3497
Following: 0
Created At: 2008-07-29T12:17:53Z
----------------------------------------
Login: lizrice
Name: Liz Rice
Company: ISOVALENT
Location: London
Email: liz@lizrice.com
Hireable: None
Bio: Open Source @isovalent @cilium | @cncf governing board & TOC emeritus chair | O'Reilly author "Learning eBPF" & "Container Security" | @OpenUK board
Public Repos: 97
Followers: 3334
Following: 3
Created At: 2010-10-28T20:32:57Z
----------------------------------------
Login: Soldy
Name: Mr L 
Company: None
Location: London UK 
Email: None
Hireable: True
Bio: Mathematics has no gender and can work with all skin types.

Public Repos: 358
Followers: 3306
Following: 25510
Created At: 2013-06-23T12:02:26Z
----------------------------------------
Login: londonappbrewery
Name: London App Brewery
Company: None
Location: London
Email: info@londonappbrewery.com
Hireable: None
Bio: The Best Programming School in the World
Public Repos: 28185
Followers: 3264
Following: 0
Created At: 2014-01-05T15:37:11Z
----------------------------------------
Login: jasondavies
Name: Jason Davies
Company: None
Location: London, UK
Email: jason@jasondavies.com
Hireable: None
Bio: None
Public Repos: 37
Followers: 3104
Following: 40
Created At: 2008-10-27T12:15:54Z
----------------------------------------
Login: sdiehl
Name: Stephen Diehl
Company: None
Location: London
Email: None
Hireable: None
Bio: Software Engineer
Public Repos: 119
Followers: 3100
Following: 879
Created At: 2010-04-04T16:58:09Z
----------------------------------------
Login: ArefMq
Name: Aref Moqadam Mehr
Company: AUTOMATA-TECH
Location: London, UK
Email: None
Hireable: True
Bio: Preferred Pronunciation: /'ærɛf/
Preferred Pronoun: he/him/his
Public Repos: 30
Followers: 3052
Following: 21920
Created At: 2015-02-07T15:38:54Z
----------------------------------------
Login: steveruizok
Name: Steve Ruiz
Company: None
Location: London, UK
Email: steveruizok@gmail.com
Hireable: None
Bio: Design and dev for creative tools.
Public Repos: 163
Followers: 3048
Following: 6
Created At: 2016-10-26T08:12:27Z
----------------------------------------
Login: Archakov06
Name: Archakov Dennis
Company: None
Location: London
Email: amonbower@gmail.com
Hireable: True
Bio: Frontend Developer. UI Designer.
JavaScript ❤️ ReactJS ⚛ React Native, NodeJS, PHP
Public Repos: 154
Followers: 3035
Following: 300
Created At: 2015-04-23T15:42:28Z
----------------------------------------
Login: mlabonne
Name: Maxime Labonne
Company: LIQUID AI
Location: London, United Kingdom
Email: None
Hireable: None
Bio: Head of Post-Training
Public Repos: 18
Followers: 3021
Following: 25
Created At: 2021-03-23T16:23:45Z
----------------------------------------
Login: appbrewery
Name: The App Brewery
Company: None
Location: London, UK
Email: info@londonappbrewery.com
Hireable: None
Bio: The Best Programming School in the World
Public Repos: 102
Followers: 3001
Following: 0
Created At: 2016-08-27T10:25:25Z
----------------------------------------
Login: jspahrsummers
Name: Justin Spahr-Summers
Company: ANTHROPICS
Location: London, United Kingdom
Email: justin@jspahrsummers.com
Hireable: None
Bio: Engineering + People
Public Repos: 76
Followers: 2962
Following: 60
Created At: 2010-10-08T15:39:49Z
----------------------------------------
Login: emilsjolander
Name: Emil Sjölander
Company: FIGMA
Location: London, England
Email: None
Hireable: None
Bio: None
Public Repos: 35
Followers: 2857
Following: 8
Created At: 2012-03-11T15:24:40Z
----------------------------------------
Login: dli
Name: David Li
Company: None
Location: London, UK
Email: hi@david.li
Hireable: None
Bio: None
Public Repos: 7
Followers: 2830
Following: 0
Created At: 2014-09-05T15:16:09Z
----------------------------------------
Login: lucasr
Name: Lucas Rocha
Company: META
Location: London, UK
Email: lucasr@lucasr.org
Hireable: None
Bio: Director, App Foundation at Meta · Formerly Mozilla, GNOME, lilt, Nokia · Brazilian, husband, dad · He/him
Public Repos: 15
Followers: 2768
Following: 5
Created At: 2011-04-14T23:02:54Z
----------------------------------------
Login: TryCatchLearn
Name: Neil Cummings
Company: TRYCATCHLEARN
Location: London, UK
Email: None
Hireable: None
Bio: Software Developer
Public Repos: 44
Followers: 2725
Following: 0
Created At: 2017-09-08T08:57:30Z
----------------------------------------
Login: riggaroo
Name: Rebecca Franks
Company: GOOGLE
Location: London, United Kingdom
Email: None
Hireable: True
Bio: Android Developer Relations Engineer @Google.. Love working with Android, UI and animations!
Public Repos: 35
Followers: 2650
Following: 46
Created At: 2014-11-27T06:32:40Z
----------------------------------------
Login: paullewis
Name: Paul Lewis
Company: None
Location: London, United Kingdom
Email: None
Hireable: None
Bio: None
Public Repos: 9
Followers: 2622
Following: 11
Created At: 2011-02-14T15:06:32Z
----------------------------------------
Login: soulwire
Name: Justin Windle
Company: None
Location: London
Email: None
Hireable: None
Bio: None
Public Repos: 30
Followers: 2599
Following: 31
Created At: 2010-07-27T22:42:55Z
----------------------------------------
Login: spite
Name: Jaume Sanchez
Company: GOOGLE-DEEPMIND
Location: London · Barcelona
Email: hello@clicktorelease.com
Hireable: None
Bio: Web Dev, pixel burner - WebGL · WebXR
Public Repos: 135
Followers: 2547
Following: 0
Created At: 2011-04-15T16:00:06Z
----------------------------------------
Login: MachineLearnia
Name: None
Company: PREDIXUS
Location: London - UK
Email: None
Hireable: None
Bio: Data Scientist and Head of Digital Transformation in the Aviation.
This account is just a collection of tutorials linked to my YouTube Channel Machine Learnia
Public Repos: 4
Followers: 2541
Following: 5
Created At: 2019-08-06T10:38:27Z
----------------------------------------
Login: gajus
Name: Gajus Kuizinas
Company: None
Location: London
Email: gajus@gajus.com
Hireable: None
Bio: Software architect. Passionate about Node.js, React, GraphQL, PostgreSQL. Active open-source contributor.
Public Repos: 321
Followers: 2507
Following: 536
Created At: 2011-08-11T10:00:41Z
----------------------------------------
Login: mvdan
Name: Daniel Martí
Company: CUE-LANG
Location: London, United Kingdom
Email: mvdan@mvdan.cc
Hireable: None
Bio: Maintainer at @cue-lang, nerd sniper with @golang.
Public Repos: 77
Followers: 2336
Following: 34
Created At: 2013-02-12T17:52:26Z
----------------------------------------
Login: 0atman
Name: Tristram Oaten
Company: HTTP://NOBOILERPLATE.ORG
Location: London, UK
Email: tris@oat.sh
Hireable: None
Bio: Professional amateur developer.
Amateur professional producer.
Public Repos: 143
Followers: 2245
Following: 22
Created At: 2009-08-11T09:08:35Z
----------------------------------------
Login: kylef
Name: Kyle Fuller
Company: None
Location: London, England
Email: kyle@cocode.org
Hireable: True
Bio: None
Public Repos: 45
Followers: 2231
Following: 43
Created At: 2009-01-04T22:54:57Z
----------------------------------------
Login: passy
Name: Pascal Hartig
Company: FACEBOOK
Location: London, UK
Email: None
Hireable: True
Bio: Mobile Dev Velocity at Facebook. Ex-Tweep. Flipper by day, Haskell/Rust/PureScript by night.
Public Repos: 451
Followers: 2217
Following: 80
Created At: 2008-05-11T00:30:07Z
----------------------------------------
Login: laurent22
Name: Laurent Cozic
Company: None
Location: London
Email: None
Hireable: True
Bio: None
Public Repos: 189
Followers: 2209
Following: 8
Created At: 2011-12-26T04:20:45Z
----------------------------------------
Login: canonical
Name: Canonical
Company: None
Location: London, UK
Email: None
Hireable: None
Bio: None
Public Repos: 1569
Followers: 2121
Following: 0
Created At: 2019-07-18T18:01:10Z
----------------------------------------
Login: slightfoot
Name: Simon Lightfoot
Company: DEVANGELS
Location: London, UK
Email: None
Hireable: None
Bio: Co-founder Flutter Study Group on Slack. Writing code for 20+ years, now at DevAngels, London. Mainly @flutter, and @android also @golang.. but ❤️ Flutter 
Public Repos: 96
Followers: 2109
Following: 92
Created At: 2011-07-10T21:45:27Z
----------------------------------------
Login: VagrantStory
Name: mohammad
Company: None
Location: London, UK
Email: None
Hireable: None
Bio: Developer Program Member
Public Repos: 9
Followers: 2030
Following: 17289
Created At: 2013-04-05T14:56:37Z
----------------------------------------
Login: lpil
Name: Louis Pilfold
Company: None
Location: London, UK
Email: louis@lpil.uk
Hireable: True
Bio: Creator of the Gleam programming language.
Public Repos: 362
Followers: 1990
Following: 91
Created At: 2013-12-08T08:56:52Z
----------------------------------------
Login: praveenscience
Name: Praveen Kumar Purushothaman
Company: CLOUDROITHQ
Location: London, England, United Kingdom
Email: None
Hireable: True
Bio: Microsoft MVP, Web Developer and Computer Software & UX Architect.
Public Repos: 617
Followers: 1975
Following: 7
Created At: 2012-06-08T11:35:38Z
----------------------------------------
Login: christiannwamba
Name: Christian Nwamba
Company: AWS
Location: London, UK
Email: nwambachristian@gmail.com
Hireable: True
Bio: JavaScript - Open Source  - Developer Advocate
Public Repos: 14
Followers: 1972
Following: 50
Created At: 2014-07-09T00:31:28Z
----------------------------------------
Login: audreyfeldroy
Name: Audrey M. Roy Greenfeld
Company: FELDROY
Location: London
Email: audrey@feldroy.com
Hireable: True
Bio: Developer, artist, writer, and mother. Core committer to @pydanny 💘
Public Repos: 179
Followers: 1959
Following: 233
Created At: 2009-04-17T07:34:28Z
----------------------------------------
Login: PaulKinlan
Name: Paul Kinlan
Company: GOOGLE
Location: Ruthin, London, Mountain View (CA)
Email: paul.kinlan@gmail.com
Hireable: True
Bio: I lead Google's Chrome and Web Developer relations team.
Public Repos: 245
Followers: 1900
Following: 196
Created At: 2009-01-10T08:09:44Z
----------------------------------------
Login: atherosai
Name: Atheros
Company: None
Location: London/Prague
Email: hello@atheros.ai
Hireable: None
Bio: On the path towards artificial general intelligence and building narrow AI products along the way
Public Repos: 16
Followers: 1895
Following: 0
Created At: 2017-12-10T14:22:36Z
----------------------------------------
Login: cortinico
Name: Nicola Corti
Company: FACEBOOK
Location: London, UK
Email: corti.nico@gmail.com
Hireable: True
Bio: React Native for Android ⚛️ | Kotlin GDE 💜 | Maintainer of @detekt, @ChuckerTeam, @AppIntro 🐧 | Host https://thebakery.dev 🥐 | He/Him 🏳️‍🌈 【ツ】
Public Repos: 142
Followers: 1851
Following: 97
Created At: 2012-12-09T16:21:50Z
----------------------------------------
Login: fabiospampinato
Name: Fabio Spampinato
Company: FACEBOOK
Location: London, UK
Email: fabio@notable.app
Hireable: None
Bio: Trying to write good software.
Public Repos: 411
Followers: 1845
Following: 52
Created At: 2012-06-03T12:15:46Z
----------------------------------------
Login: fluttercommunity
Name: Flutter Community
Company: None
Location: London
Email: community@flutter.zone
Hireable: None
Bio: A central place for all community made Flutter packages. To get started, see the README of the 'community' repository.
Public Repos: 48
Followers: 1838
Following: 0
Created At: 2018-01-02T21:45:14Z
----------------------------------------
Login: robmarkcole
Name: Robin Cole
Company: EARTHDAILY
Location: London, UK
Email: robmarkcole@gmail.com
Hireable: None
Bio: Tackling the worlds toughest challenges with AI & ML applied to satellite imagery
Public Repos: 363
Followers: 1821
Following: 2765
Created At: 2015-04-08T14:29:30Z
----------------------------------------
Login: TodePond
Name: Lu Wilson
Company: TLDRAW
Location: London, UK
Email: None
Hireable: None
Bio: slightly-surreal creative-coding
Public Repos: 115
Followers: 1816
Following: 122
Created At: 2015-11-17T15:13:36Z
----------------------------------------
Login: nicholasjackson
Name: Nicholas Jackson
Company: HASHICORP
Location: London
Email: jackson.nic@gmail.com
Hireable: True
Bio: Developer advocate working for @hashicorp. 
Interested in Go microservices.
Author of Building Microservices in Go and Service Mesh Patterns.
Public Repos: 296
Followers: 1796
Following: 10
Created At: 2011-05-07T07:47:13Z
----------------------------------------
Login: weavejester
Name: James Reeves
Company: BOOLEAN KNOT LTD
Location: London, UK
Email: None
Hireable: True
Bio: Freelance Clojure programmer
Public Repos: 165
Followers: 1791
Following: 7
Created At: 2008-04-28T23:33:51Z
----------------------------------------
Login: kitten
Name: Phil Pluckthun
Company: EXPO
Location: London
Email: phil@kitten.sh
Hireable: None
Bio: dev tools at @expo 𝝠
• 🗻 n+1 GraphQL/TS/React projects
• 🔨 gql.tada, urql
Public Repos: 81
Followers: 1724
Following: 59
Created At: 2012-07-25T16:05:16Z
----------------------------------------
Login: MaggieAppleton
Name: Maggie Appleton
Company: NORMALLY
Location: London
Email: None
Hireable: None
Bio: Design engineer @Normally. Exploring how LMs help us think different kinds of thoughts. Enthusiastic about visual metaphors, end-user programming, and marmite.
Public Repos: 16
Followers: 1720
Following: 16
Created At: 2013-10-02T23:30:41Z
----------------------------------------
Login: HariSekhon
Name: Hari Sekhon
Company: None
Location: London, United Kingdom
Email: None
Hireable: True
Bio: Cloud Architect, DevOps, Data Engineer, Big Data (ex-Cloudera), Digital Nomad
Public Repos: 204
Followers: 1717
Following: 31
Created At: 2012-08-24T11:15:45Z
----------------------------------------
Login: paritytech
Name: Parity Technologies
Company: None
Location: London
Email: admin@parity.io
Hireable: None
Bio: Solutions for a trust-free world
Public Repos: 526
Followers: 1709
Following: 0
Created At: 2015-09-08T09:13:54Z
----------------------------------------
Login: ohld
Name: Daniil Okhlopkov
Company: YOU GOT SCRAPPED
Location: London
Email: None
Hireable: True
Bio: Chief Data Officer
Public Repos: 90
Followers: 1703
Following: 51
Created At: 2013-10-04T17:45:13Z
----------------------------------------
Login: Patalin
Name: Patalin
Company: None
Location: London
Email: None
Hireable: None
Bio: None
Public Repos: 115
Followers: 1684
Following: 5
Created At: 2018-08-14T19:09:44Z
----------------------------------------
Login: derickr
Name: Derick Rethans
Company: None
Location: London, UK
Email: github@derickrethans.nl
Hireable: None
Bio: I am Derick, and I am the creator of Xdebug, PHP's debugger.  I am currently working on creating Xdebug 3.


Public Repos: 156
Followers: 1684
Following: 0
Created At: 2010-02-21T23:45:20Z
----------------------------------------
Login: ItzLevvie
Name: Levvie - she/her
Company: None
Location: London, England, United Kingdom
Email: None
Hireable: None
Bio: None
Public Repos: 7
Followers: 1661
Following: 2
Created At: 2015-03-22T18:22:39Z
----------------------------------------
Login: serengil
Name: Sefik Ilkin Serengil
Company: None
Location: London
Email: serengil@gmail.com
Hireable: None
Bio: 👨‍💻Software Engineer
🎓GSU alumni
🏠London 🇬🇧 UK Global Talent 💬Code wins arguments
Public Repos: 25
Followers: 1636
Following: 99
Created At: 2016-04-15T20:57:22Z
----------------------------------------
Login: BYK
Name: Burak Yigit Kaya
Company: SENTRY
Location: London, UK
Email: None
Hireable: None
Bio: Helping engineers help themselves help us all. Tinkerer @getsentry

Public Repos: 28
Followers: 1632
Following: 176
Created At: 2009-09-14T14:41:40Z
----------------------------------------
Login: bee-san
Name: Autumn (Bee)
Company: CISCO
Location: London, UK
Email: github@skerritt.blog
Hireable: True
Bio: Security @ Duo, ex-monzo

Creator of RustScan, Ciphey, Name-That-Hash, Search-That-Hash and more 🌌   
Public Repos: 175
Followers: 1624
Following: 74
Created At: 2015-01-03T04:29:08Z
----------------------------------------
Login: keithamus
Name: Keith Cirkel
Company: GITHUB
Location: London, England
Email: None
Hireable: None
Bio: Bad at JavaScript, HTML, CSS
Public Repos: 330
Followers: 1623
Following: 125
Created At: 2009-08-22T14:48:35Z
----------------------------------------
Login: ForbesLindesay
Name: Forbes Lindesay
Company: MAVENOID
Location: London, UK
Email: None
Hireable: None
Bio: None
Public Repos: 280
Followers: 1597
Following: 8
Created At: 2011-12-13T15:45:53Z
----------------------------------------
Login: lovell
Name: Lovell Fuller
Company: None
Location: London, UK
Email: None
Hireable: None
Bio: None
Public Repos: 68
Followers: 1584
Following: 52
Created At: 2010-02-25T21:27:12Z
----------------------------------------
Login: sergiecode
Name: Sergie Code
Company: None
Location: London, UK
Email: None
Hireable: None
Bio: 🔸I'm Sergie Code, I'm a Software Engineer and a content creator about programming and JavaScript (Angular, React and other frameworks).
Public Repos: 160
Followers: 1563
Following: 23
Created At: 2020-07-11T01:43:15Z
----------------------------------------
Login: petebacondarwin
Name: Pete Bacon Darwin
Company: CLOUDFLARE
Location: London, UK
Email: pete@bacondarwin.com
Hireable: None
Bio: 2021: Systems Engineer at Cloudflare;
2014: Angular Core team member;
2004: Dad from 2004.
Public Repos: 219
Followers: 1506
Following: 12
Created At: 2008-07-01T11:54:19Z
----------------------------------------
Login: jacobbinnie
Name: Jacob Binnie
Company: None
Location: London, United Kingdom
Email: None
Hireable: None
Bio: None
Public Repos: 10
Followers: 1498
Following: 9
Created At: 2021-05-07T05:08:33Z
----------------------------------------
Login: sebastianstarke
Name: Sebastian Starke
Company: None
Location: London, UK
Email: Sebastian.Starke@mail.de
Hireable: None
Bio: Research Scientist @ Meta, PhD @ UoE. Formerly @ Electronic Arts, Adobe Research. Enjoying coffee and life in no particular order.
Public Repos: 7
Followers: 1489
Following: 23
Created At: 2016-07-03T17:56:35Z
----------------------------------------
Login: ualehosaini
Name: Useme Alehosaini
Company: WIDE IT SOLUTIONS
Location: London, United Kingdom
Email: None
Hireable: None
Bio: Senior Technology Consultant, Business Director; active StackOverflow contributor, mentors Junior Developers and Students towards Reusable and Clean Coding
Public Repos: 64
Followers: 1488
Following: 1336
Created At: 2019-05-13T18:57:11Z
----------------------------------------
Login: kadikraman
Name: Kadi Kraman
Company: EXPO
Location: London
Email: hellokadi@gmail.com
Hireable: None
Bio: None
Public Repos: 93
Followers: 1478
Following: 20
Created At: 2014-01-29T12:12:30Z
----------------------------------------
Login: umaar
Name: Umar Hansa
Company: None
Location: London
Email: umar.hansa@gmail.com
Hireable: None
Bio: Front-end web developer
Public Repos: 483
Followers: 1463
Following: 1383
Created At: 2010-08-31T02:42:45Z
----------------------------------------
Login: jcoglan
Name: James Coglan
Company: None
Location: London
Email: None
Hireable: None
Bio: None
Public Repos: 140
Followers: 1457
Following: 44
Created At: 2008-05-04T14:39:21Z
----------------------------------------
Login: mikedewar
Name: Mike Dewar
Company: MASTERCARD
Location: London
Email: mikedewar@gmail.com
Hireable: None
Bio: Vice President of Data Science at MasterCard

Public Repos: 89
Followers: 1419
Following: 16
Created At: 2009-11-05T10:14:53Z
----------------------------------------
Login: albinotonnina
Name: Albino Tonnina
Company: ASOS
Location: London
Email: albinotonnina@gmail.com
Hireable: None
Bio: None
Public Repos: 111
Followers: 1415
Following: 1
Created At: 2008-11-29T21:47:06Z
----------------------------------------
Login: peter-lawrey
Name: Peter Lawrey
Company: CHRONICLE SOFTWARE
Location: London
Email: None
Hireable: None
Bio: CEO of Chronicle Software, 13K answers for Java and JVM on StackOverflow.com, "Vanilla Java" blog with 4M+ views, Java Champion
Public Repos: 74
Followers: 1395
Following: 8
Created At: 2011-09-22T07:52:31Z
----------------------------------------
Login: samdutton
Name: Sam Dutton
Company: SAM DUTTON
Location: London, England
Email: None
Hireable: None
Bio: Developer Advocate for Google Chrome. Born in South Australia, based in London. 
Creator of simpl.info: simplest-possible examples of HTML, CSS and JavaScript.
Public Repos: 118
Followers: 1374
Following: 2
Created At: 2010-02-17T11:25:01Z
----------------------------------------
Login: a7v8x
Name: David Mraz
Company: ATHEROSAI
Location: London / Prague
Email: None
Hireable: True
Bio: Founder at @atherosai, Python, Javascript, C++ | Machine learning engineer | NLP/NLU
https://atheros.ai/blog
Public Repos: 12
Followers: 1350
Following: 21
Created At: 2016-03-10T00:44:56Z
----------------------------------------
Login: nelstrom
Name: Drew Neil
Company: None
Location: London, UK
Email: None
Hireable: None
Bio: None
Public Repos: 120
Followers: 1341
Following: 31
Created At: 2008-04-13T11:37:35Z
----------------------------------------
Login: postspectacular
Name: Karsten Schmidt
Company: None
Location: Allgäu, formerly London
Email: None
Hireable: None
Bio: Maker of @thi-ng. Opensource computational design tools since 1999, geom, data, viz, algos, fab, art, edu, ex-@Nike-inc
Public Repos: 44
Followers: 1335
Following: 39
Created At: 2009-02-06T11:00:57Z
----------------------------------------
Login: dylanbeattie
Name: Dylan Beattie
Company: URSATILE
Location: London, UK
Email: dylan@dylanbeattie.net
Hireable: None
Bio: Developer, speaker, musician. Creator of @RockstarLang. C#, JavaScript, SQL, HTTP/REST, distributed systems, 80s rock music, hats, cats, Lego, guitars & travel.
Public Repos: 186
Followers: 1318
Following: 20
Created At: 2009-07-17T23:21:39Z
----------------------------------------
Login: jackfranklin
Name: Jack Franklin
Company: GOOGLE
Location: London
Email: jack@jackfranklin.net
Hireable: None
Bio: JavaScript, React, ES2015+ and Elm.
Public Repos: 323
Followers: 1311
Following: 88
Created At: 2010-01-31T09:29:32Z
----------------------------------------
Login: Lukasa
Name: Cory Benfield
Company: APPLE
Location: London, England
Email: cory@lukasa.co.uk
Hireable: None
Bio: Professional open source developer with a long background in building networking tools. Creator of @python-hyper, core developer of Swift NIO. Everywhere.
Public Repos: 133
Followers: 1309
Following: 10
Created At: 2012-01-26T16:58:46Z
----------------------------------------
Login: bashtage
Name: Kevin Sheppard
Company: None
Location: London, UK
Email: None
Hireable: None
Bio: None
Public Repos: 39
Followers: 1291
Following: 0
Created At: 2013-10-01T11:57:59Z
----------------------------------------
Login: benjojo
Name: Ben Cox
Company: None
Location: London
Email: None
Hireable: None
Bio: None
Public Repos: 120
Followers: 1288
Following: 109
Created At: 2012-03-05T21:50:07Z
----------------------------------------
Login: bookercodes
Name: Alex Booker
Company: CLERK
Location: London
Email: None
Hireable: None
Bio: Content creator who codes @ Clerk | Host of the Scrimba Podcast
Public Repos: 36
Followers: 1267
Following: 1
Created At: 2015-04-13T16:07:05Z
----------------------------------------
Login: kelset
Name: Lorenzo Sciandra
Company: SOVEREIGN TECH FUND
Location: London, UK
Email: notkelset@kelset.dev
Hireable: None
Bio: Technologist @sovereigntechfund, making OSS more sustainable one initiative at the time.
Public Repos: 78
Followers: 1262
Following: 441
Created At: 2015-12-01T16:26:51Z
----------------------------------------
Login: OlafenwaMoses
Name: MOSES OLAFENWA
Company: None
Location: London
Email: guymodscientist@gmail.com
Hireable: True
Bio: Software Engineer, Self-taught computer programmer, Deep Learning, Computer Vision Engineer.
Creator of ImageAI.
Previously @Microsoft and @Babylonhealth
Public Repos: 30
Followers: 1248
Following: 36
Created At: 2013-11-11T14:38:13Z
----------------------------------------
Login: arkivanov
Name: Arkadii Ivanov
Company: X (TWITTER)
Location: London, UK
Email: arkann1985@gmail.com
Hireable: None
Bio: Staff Software Engineer @ X (Twitter). Passionate about Kotlin Multiplatform, MVI and reactive programming.
Public Repos: 42
Followers: 1233
Following: 0
Created At: 2017-03-05T17:18:45Z
----------------------------------------
Login: abreslav
Name: Andrey Breslav
Company: None
Location: London, UK
Email: inbox@abreslav.com
Hireable: None
Bio: I was in charge of creating the Kotlin programming language. Worked on it from the start (2010) till 2020 as the Language Designer and Project Lead
Public Repos: 51
Followers: 1231
Following: 0
Created At: 2011-07-01T08:59:57Z
----------------------------------------
Login: MicheleBertoli
Name: Michele Bertoli
Company: FACEBOOK
Location: London, England
Email: None
Hireable: None
Bio: None
Public Repos: 82
Followers: 1222
Following: 214
Created At: 2012-01-06T09:25:57Z
----------------------------------------
Login: jevakallio
Name: Jani Eväkallio
Company: None
Location: London
Email: jani.evakallio@gmail.com
Hireable: True
Bio: None
Public Repos: 128
Followers: 1215
Following: 0
Created At: 2011-11-18T08:28:16Z
----------------------------------------
Login: MattIPv4
Name: Matt Cowley
Company: ALVEUSGG @CDNJS
Location: London, United Kingdom
Email: me@mattcowley.co.uk
Hireable: None
Bio: Open-source Software Engineer by night @AlveusGG 🌎 + @cdnjs 🛠️ + @JingleJam ❄️
Public Repos: 103
Followers: 1210
Following: 24
Created At: 2015-05-09T12:50:36Z
----------------------------------------
Login: jakewright
Name: Jake Wright
Company: MONZO
Location: London
Email: None
Hireable: None
Bio: Software Developer and YouTuber
Public Repos: 16
Followers: 1206
Following: 8
Created At: 2013-08-28T20:39:44Z
----------------------------------------
Login: RichardWarburton
Name: Richard Warburton
Company: MONOTONIC LTD.
Location: London, UK.
Email: None
Hireable: None
Bio: None
Public Repos: 75
Followers: 1172
Following: 144
Created At: 2010-07-10T11:01:50Z
----------------------------------------
Login: benanne
Name: Sander Dieleman
Company: None
Location: London, UK
Email: sanderdieleman@gmail.com
Hireable: None
Bio: None
Public Repos: 19
Followers: 1164
Following: 10
Created At: 2009-01-02T20:40:56Z
----------------------------------------
Login: sixeyed
Name: Elton Stoneman
Company: None
Location: London
Email: elton@sixeyed.com
Hireable: None
Bio: Freelance consultant and trainer. Docker Captain.
14x Microsoft Azure MVP. 
Pluralsight author. 
Manning author. 
Ex-@docker.
Public Repos: 263
Followers: 1163
Following: 0
Created At: 2009-11-24T07:18:17Z
----------------------------------------
Login: snyk
Name: Snyk
Company: None
Location: London/Israel
Email: None
Hireable: None
Bio: Find and automatically fix vulnerabilities in your code, open source dependencies, containers, and infrastructure as code.
Public Repos: 224
Followers: 1155
Following: 0
Created At: 2015-06-18T22:58:59Z
----------------------------------------
Login: FranxYao
Name: Yao Fu
Company: None
Location: London
Email: None
Hireable: None
Bio: Know me through my code
Public Repos: 39
Followers: 1153
Following: 32
Created At: 2016-03-08T12:33:30Z
----------------------------------------
